Task ID,Task Name,Description,Priority,Start Date,End Date,Status,Estimated Hours,Assignee,Dependencies,Epic,Sprint
1.1.1,Create new Laravel 12 project,Initialize a new Laravel 12 project with proper architecture,High,2025-04-28,2025-05-12,To Do,4,,None,Project Infrastructure Setup,Sprint 1
1.1.2,Set up repository and branch strategy,Create GitHub/GitLab repository with main development and feature branch strategy,High,2025-04-28,2025-05-12,To Do,2,,1.1.1,Project Infrastructure Setup,Sprint 1
1.1.3,Configure environments (dev/staging/prod),Set up multiple environments with proper configuration,Medium,2025-04-28,2025-05-12,To Do,6,,1.1.1 1.1.2,Project Infrastructure Setup,Sprint 1
1.1.4,Set up CI/CD pipeline,Configure automated testing and deployment workflows,Medium,2025-04-28,2025-05-12,To Do,8,,1.1.2 1.1.3,Project Infrastructure Setup,Sprint 1
1.1.5,Initialize code quality tools,Set up Laravel Pint PHPStan and GitHub Actions,Medium,To Do,4,,1.1.1,Project Infrastructure Setup,Sprint 1
1.2.1,Design core entity relationships,Create ERD for core entities including tenants users clients properties,High,To Do,8,,None,Database Schema Foundation,Sprint 1
1.2.2,Implement multi-tenancy database structure,Create migrations for tenant isolation strategy,High,To Do,16,,1.2.1,Database Schema Foundation,Sprint 1
1.2.3,Configure MySQL optimization for multi-tenant schemas,Optimize database for multi-tenant performance,Medium,To Do,6,,1.2.2,Database Schema Foundation,Sprint 1
1.2.4,Create seeders for development data,Create seed data for testing and development,Low,To Do,4,,1.2.2,Database Schema Foundation,Sprint 1
1.2.5,Document database schema,Create comprehensive documentation of database design,Medium,To Do,4,,1.2.1 1.2.2,Database Schema Foundation,Sprint 1
1.3.1,Create service provider structure,Establish pattern for service providers and container bindings,High,To Do,4,,1.1.1,Core Application Structure,Sprint 1
1.3.2,Set up model structure with scopes,Create base model classes with tenant scopes and query builders,High,To Do,8,,1.3.1,Core Application Structure,Sprint 1
1.3.3,Set up service layer architecture,Implement service classes for business logic with direct model interaction,High,To Do,10,,1.3.1 1.3.2,Core Application Structure,Sprint 1
1.3.4,Create events and listeners structure,Set up event broadcasting architecture,Medium,To Do,4,,1.3.1,Core Application Structure,Sprint 1
1.3.5,Implement queue configuration,Configure queue drivers and worker processes,Medium,To Do,4,,1.3.1,Core Application Structure,Sprint 1
2.1.1,Implement multi-tenant user model,Extend Laravel's user model with multi-tenant capabilities,High,2025-07-08,2025-07-21,To Do,8,,1.2.2,Authentication System,Sprint 2
2.1.2,Create authentication controllers,Implement login registration password reset controllers,High,2025-07-08,2025-07-21,To Do,6,,2.1.1,Authentication System,Sprint 2
2.1.3,Set up tenant-aware middleware,Create middleware for tenant identification and isolation,High,To Do,4,,2.1.1 1.2.2,Authentication System,Sprint 2
2.1.4,Implement email verification,Add email verification for new user registrations,Medium,To Do,4,,2.1.2,Authentication System,Sprint 2
2.1.5,Create authentication views,Build Livewire components for authentication forms,Medium,To Do,8,,2.1.2,Authentication System,Sprint 2
2.2.1,Install and configure permission package,Set up Spatie Permission with multi-tenant support,High,To Do,4,,2.1.1 1.2.2,Role & Permission System,Sprint 2
2.2.2,Define role and permission models,Create models for roles and permissions with tenant scoping,High,To Do,6,,2.2.1,Role & Permission System,Sprint 2
2.2.3,Implement permission middleware,Create middleware for permission-based route protection,Medium,To Do,4,,2.2.1 2.2.2,Role & Permission System,Sprint 2
2.2.4,Create role management UI,Build interface for managing roles and permissions,Medium,To Do,8,,2.2.2 2.2.3,Role & Permission System,Sprint 2
2.2.5,Implement role-based UI adaptation,Add UI components that adapt based on user roles,Medium,To Do,6,,2.2.2 2.2.4,Role & Permission System,Sprint 2
2.3.1,Create tenant service,Implement service layer for tenant management with direct model interaction,High,To Do,8,,1.2.2,Multi-Tenant Core Services,Sprint 2
2.3.2,Develop tenant provisioning workflow,Create process for setting up new tenants with default data,High,To Do,8,,2.3.1,Multi-Tenant Core Services,Sprint 2
2.3.3,Implement tenant middleware stack,Configure middleware for tenant identification and routing,Medium,To Do,4,,2.1.3 2.3.1,Multi-Tenant Core Services,Sprint 2
2.3.4,Set up tenant configuration management,Build system for tenant-specific configuration,Medium,To Do,6,,2.3.1,Multi-Tenant Core Services,Sprint 2
2.3.5,Create tenant management UI,Develop admin interface for managing tenants,Medium,To Do,10,,2.3.2 2.3.4,Multi-Tenant Core Services,Sprint 2
3.1.1,Create client model and migration,Implement client data structure with migrations,High,To Do,6,,1.2.2,Client Data Models,Sprint 3
3.1.2,Create contact model and migration,Implement contact data structure for client relationships,High,To Do,4,,3.1.1,Client Data Models,Sprint 3
3.1.3,Implement client notes and activity tracking,Create models for client notes and activity logs,Medium,To Do,6,,3.1.1,Client Data Models,Sprint 3
3.1.4,Create client tagging system,Implement tagging functionality for clients,Medium,To Do,4,,3.1.1,Client Data Models,Sprint 3
3.1.5,Develop client categorization system,Implement client categories and classifications,Medium,To Do,4,,3.1.1,Client Data Models,Sprint 3
3.2.1,Develop client service,Create service layer with direct model interaction for client operations,High,To Do,12,,3.1.1 3.1.2,Client Management Services,Sprint 2
3.2.2,Implement contact relationship service,Create service for managing client contacts,Medium,To Do,6,,3.1.2 3.2.1,Client Management Services,Sprint 3
3.2.3,Create client import/export service,Implement CSV import/export functionality,Medium,To Do,8,,3.2.1,Client Management Services,Sprint 3
3.2.4,Develop client search service,Create advanced search capabilities for clients,Medium,To Do,6,,3.1.1 3.2.1,Client Management Services,Sprint 3
3.2.5,Implement data validation layer,Create comprehensive validation for client data operations,Medium,To Do,6,,3.2.1 3.2.2,Client Management Services,Sprint 3
3.3.1,Create client list component,Implement Livewire component for client listing and filtering,High,To Do,8,,3.2.1,Client Management UI,Sprint 3
3.3.2,Develop client details view,Create detailed client profile view with tabs,High,To Do,10,,3.3.1,Client Management UI,Sprint 3
3.3.3,Implement client creation/edit forms,Create forms for adding and editing clients,High,To Do,8,,3.3.1,Client Management UI,Sprint 3
3.3.4,Create contact management components,Implement UI for managing client contacts,Medium,To Do,6,,3.3.2 3.2.2,Client Management UI,Sprint 3
3.3.5,Develop client activity timeline,Create visual timeline of client activities,Medium,To Do,6,,3.1.3 3.3.2,Client Management UI,Sprint 3
4.1.1,Create property model and migration,Implement property data structure with migrations,High,To Do,8,,1.2.2 3.1.1,Property Data Architecture,Sprint 4
4.1.2,Implement property features system,Create models for property features and amenities,High,To Do,6,,4.1.1,Property Data Architecture,Sprint 4
4.1.3,Develop property status tracking,Implement property status lifecycle and history,Medium,To Do,4,,4.1.1,Property Data Architecture,Sprint 4
4.1.4,Create property media management,Set up media library integration for property images,Medium,To Do,6,,4.1.1,Property Data Architecture,Sprint 4
4.1.5,Implement property categorization,Create property types categories and classifications,Medium,To Do,4,,4.1.1,Property Data Architecture,Sprint 4
4.2.1,Develop property service,Create service layer with direct model interaction for property operations,High,To Do,12,,4.1.1,Property Management Services,Sprint 4
4.2.2,Implement property search service,Create advanced search and filtering for properties,Medium,To Do,8,,4.2.1,Property Management Services,Sprint 4
4.2.3,Create property media service,Implement service for managing property images,Medium,To Do,6,,4.1.4 4.2.1,Property Management Services,Sprint 4
4.2.4,Develop property import/export service,Create functionality for bulk property operations,Medium,To Do,6,,4.2.1,Property Management Services,Sprint 4
4.2.5,Implement property validation service,Create validation for property data operations,Medium,To Do,6,,4.2.1,Property Management Services,Sprint 4
4.3.1,Create property list component,Implement Livewire component for property listing,High,To Do,8,,4.2.1,Property Management UI,Sprint 4
4.3.2,Develop property details view,Create detailed property profile view,High,To Do,10,,4.3.1,Property Management UI,Sprint 4
4.3.3,Implement property creation/edit forms,Create multi-step forms for property management,High,To Do,12,,4.3.1,Property Management UI,Sprint 4
4.3.4,Create property media upload component,Implement UI for uploading and managing property images,Medium,To Do,8,,4.1.4 4.2.3 4.3.2,Property Management UI,Sprint 4
4.3.5,Develop property search filters UI,Create advanced search interface for properties,Medium,To Do,6,,4.2.2 4.3.1,Property Management UI,Sprint 4
5.1.1,Create task model and migration,Implement task data structure with migrations,High,To Do,6,,1.2.2,Task Management Foundation,Sprint 5
5.1.2,Implement task categorization,Create task categories types and priorities,Medium,To Do,4,,5.1.1,Task Management Foundation,Sprint 5
5.1.3,Develop task assignment system,Create functionality for assigning tasks to users,High,To Do,6,,5.1.1 2.1.1,Task Management Foundation,Sprint 5
5.1.4,Create task status workflow,Implement task status transitions and workflow,Medium,To Do,8,,5.1.1,Task Management Foundation,Sprint 5
5.1.5,Implement task reminder system,Create notification and reminder functionality,Medium,To Do,6,,5.1.1 5.1.3,Task Management Foundation,Sprint 5
5.2.1,Create event model and migration,Implement event data structure with migrations,High,To Do,6,,1.2.2,Calendar & Event Management,Sprint 5
5.2.2,Implement recurring event pattern,Create system for recurring event management,Medium,To Do,8,,5.2.1,Calendar & Event Management,Sprint 5
5.2.3,Develop event invitee management,Create functionality for inviting users to events,Medium,To Do,6,,5.2.1 2.1.1,Calendar & Event Management,Sprint 5
5.2.4,Create calendar service,Implement service for calendar operations with direct model interaction,High,To Do,10,,5.1.1 5.2.1 5.2.2,Calendar & Event Management,Sprint 5
5.2.5,Implement calendar synchronization,Create functionality for external calendar sync,Low,To Do,10,,5.2.4,Calendar & Event Management,Sprint 5
5.3.1,Create task list component,Implement Livewire component for task listing and filtering,High,To Do,8,,5.1.1 5.1.2 5.1.3,Task & Calendar UI,Sprint 5
5.3.2,Develop task details modal,Create detailed task view and edit functionality,Medium,To Do,6,,5.3.1,Task & Calendar UI,Sprint 5
5.3.3,Implement calendar view component,Create interactive calendar with day week month views,High,To Do,12,,5.2.1 5.2.2 5.2.4,Task & Calendar UI,Sprint 5
5.3.4,Create event creation/edit modal,Implement event management UI,Medium,To Do,8,,5.3.3 5.2.1,Task & Calendar UI,Sprint 5
5.3.5,Develop dashboard task widgets,Create task and calendar widgets for dashboard,Medium,To Do,6,,5.3.1 5.3.3,Task & Calendar UI,Sprint 5
6.1.1,Create document model and migration,Implement document data structure with migrations,High,To Do,6,,1.2.2,Document Storage Architecture,Sprint 6
6.1.2,Implement document categorization,Create document categories and types,Medium,To Do,4,,6.1.1,Document Storage Architecture,Sprint 6
6.1.3,Set up document storage service,Configure cloud storage integration for documents,High,To Do,8,,6.1.1,Document Storage Architecture,Sprint 6
6.1.4,Implement document versioning,Create version tracking for document changes,Medium,To Do,10,,6.1.1 6.1.3,Document Storage Architecture,Sprint 6
6.1.5,Develop document metadata extraction,Implement metadata extraction from uploaded files,Medium,To Do,6,,6.1.1 6.1.3,Document Storage Architecture,Sprint 6
6.2.1,Develop document service,Create service layer with direct model interaction for document operations,High,To Do,12,,6.1.1 6.1.2,Document Management Services,Sprint 6
6.2.2,Implement document sharing service,Create functionality for document sharing,Medium,To Do,6,,6.2.1,Document Management Services,Sprint 6
6.2.3,Set up document permission system,Implement granular permissions for documents,Medium,To Do,8,,6.2.1 6.2.2,Document Management Services,Sprint 6
6.2.4,Create document search service,Implement full-text search for documents,Medium,To Do,6,,6.2.1 6.1.5,Document Management Services,Sprint 6
6.2.5,Develop document validation service,Create validation for document operations,Medium,To Do,6,,6.2.1,Document Management Services,Sprint 6
6.3.1,Create document library component,Implement Livewire component for document browsing,High,To Do,10,,6.2.1,Document Management UI,Sprint 6
6.3.2,Develop document upload component,Create drag-and-drop file upload interface,High,To Do,8,,6.1.3 6.2.1,Document Management UI,Sprint 6
6.3.3,Implement document viewer,Create in-browser viewer for various document types,Medium,To Do,12,,6.3.1 6.2.1,Document Management UI,Sprint 6
6.3.4,Create document sharing UI,Implement interface for document sharing,Medium,To Do,6,,6.2.2 6.3.1,Document Management UI,Sprint 6
6.3.5,Develop document version history UI,Create interface for viewing document versions,Medium,To Do,6,,6.1.4 6.3.1,Document Management UI,Sprint 6
7.1.1,Create pipeline model and migration,Implement pipeline data structure with migrations,High,To Do,6,,1.2.2,Deal & Pipeline Data Models,Sprint 7
7.1.2,Develop stage model and migration,Create stage data structure for pipeline workflow,High,To Do,4,,7.1.1,Deal & Pipeline Data Models,Sprint 7
7.1.3,Implement deal model and migration,Create deal data structure with client relations,High,To Do,8,,7.1.1 7.1.2 3.1.1,Deal & Pipeline Data Models,Sprint 7
7.1.4,Create deal activity tracking,Implement activity logging for deal changes,Medium,To Do,6,,7.1.3,Deal & Pipeline Data Models,Sprint 7
7.1.5,Develop deal valuation system,Create functionality for deal valuation and forecasting,Medium,To Do,6,,7.1.3,Deal & Pipeline Data Models,Sprint 7
7.2.1,Develop pipeline service,Create service layer with direct model interaction for pipeline management,High,To Do,10,,7.1.1 7.1.2,Pipeline Management Services,Sprint 7
7.2.2,Implement deal service,Create service layer with direct model interaction for deal operations,High,To Do,12,,7.1.3 7.2.1,Pipeline Management Services,Sprint 7
7.2.3,Create deal stage transition service,Implement service for managing deal stage transitions,Medium,To Do,8,,7.2.1 7.2.2,Pipeline Management Services,Sprint 7
7.2.4,Develop forecasting service,Implement deal forecasting and analytics,Medium,To Do,8,,7.1.5 7.2.2,Pipeline Management Services,Sprint 7
7.2.5,Implement deal validation service,Create validation for deal operations,Medium,To Do,6,,7.2.2,Pipeline Management Services,Sprint 7
7.3.1,Create pipeline configuration UI,Implement interface for creating and configuring pipelines,High,To Do,8,,7.2.1,Pipeline & Deal UI,Sprint 7
7.3.2,Develop pipeline Kanban board,Create drag-and-drop Kanban board for deal management,High,To Do,12,,7.1.1 7.1.2 7.1.3 7.2.2,Pipeline & Deal UI,Sprint 7
7.3.3,Implement deal details view,Create detailed deal view with edit capabilities,High,To Do,10,,7.3.2 7.2.2,Pipeline & Deal UI,Sprint 7
7.3.4,Create deal creation wizard,Implement step-by-step wizard for deal creation,Medium,To Do,8,,7.3.3 7.2.2,Pipeline & Deal UI,Sprint 7
7.3.5,Develop pipeline reporting dashboard,Create dashboard with pipeline metrics and forecasting,Medium,To Do,10,,7.2.4 7.3.2,Pipeline & Deal UI,Sprint 7
8.1.1,Create Xero integration model and migration,Implement Xero integration data structure with migrations,High,To Do,6,,1.2.2,Xero OAuth2 Integration,Sprint 8
8.1.2,Implement OAuth2 authentication flow,Create secure token-based authentication with Xero,High,To Do,12,,8.1.1,Xero OAuth2 Integration,Sprint 8
8.1.3,Develop token refresh mechanism,Implement automatic token refresh for continued access,High,To Do,8,,8.1.2,Xero OAuth2 Integration,Sprint 8
8.1.4,Create Xero connection UI,Create interface for connecting tenant to Xero,Medium,To Do,6,,8.1.2 8.1.3,Xero OAuth2 Integration,Sprint 8
8.1.5,Implement Xero webhook handling,Set up webhooks for real-time updates from Xero,Medium,To Do,6,,8.1.1 8.1.2,Xero OAuth2 Integration,Sprint 8
8.2.1,Create Xero contact model and migration,Implement Xero contact mapping data structure,High,To Do,4,,8.1.1 3.1.1,Xero Contact Synchronization,Sprint 8
8.2.2,Implement contact push service,Create service for pushing CRM contacts to Xero with direct model interaction,High,To Do,10,,8.2.1 8.1.3,Xero Contact Synchronization,Sprint 8
8.2.3,Develop contact pull service,Create service for pulling Xero contacts into CRM,Medium,To Do,8,,8.2.1 8.1.3,Xero Contact Synchronization,Sprint 8
8.2.4,Create contact mapping UI,Implement interface for mapping contact fields,Medium,To Do,6,,8.2.1 8.2.2 8.2.3,Xero Contact Synchronization,Sprint 8
8.2.5,Implement contact sync scheduling,Create scheduled tasks for regular contact synchronization,Medium,To Do,4,,8.2.2 8.2.3,Xero Contact Synchronization,Sprint 8
8.3.1,Create Xero invoice model and migration,Implement Xero invoice data structure,High,To Do,6,,8.1.1 8.2.1,Xero Invoice Integration,Sprint 8
8.3.2,Develop invoice creation service,Create service for generating Xero invoices with direct model interaction,High,To Do,12,,8.3.1 8.1.3,Xero Invoice Integration,Sprint 8
8.3.3,Implement invoice status tracking,Create functionality for tracking invoice status,Medium,To Do,8,,8.3.1 8.3.2 8.1.5,Xero Invoice Integration,Sprint 8
8.3.4,Create invoice management UI,Implement interface for creating and managing invoices,Medium,To Do,10,,8.3.1 8.3.2 8.3.3,Xero Invoice Integration,Sprint 8
3.5.1,Develop invoice payment reconciliation,Create functionality for tracking payments in Xero,Medium,To Do,8,,3.3.1 3.3.3 3.1.5,Xero Invoice Integration,Sprint 3
9.1.1,Create property valuation model,Implement ML model for automated property valuation,High,To Do,16,,8.1.1,AI/ML Integration,Sprint 9
9.1.2,Develop channel authentication system,Create secure authentication for various channels,High,To Do,10,,9.1.1,Publishing Channel Management,Sprint 10
9.1.3,Implement channel configuration management,Create system for configuring publishing channels,Medium,To Do,6,,9.1.1 9.1.2,Publishing Channel Management,Sprint 9
9.1.4,Create channel testing functionality,Implement connection testing for channels,Medium,To Do,6,,9.1.2 9.1.3,Publishing Channel Management,Sprint 9
9.1.5,Develop channel analytics tracking,Create tracking for publishing activity and performance,Medium,To Do,8,,9.1.1,Publishing Channel Management,Sprint 9
9.2.1,Create property publishing service,Implement service with direct model interaction for publishing properties,High,To Do,12,,9.1.1 9.1.2 4.1.1,Property Publishing Services,Sprint 9
9.2.2,Develop WordPress channel adapter,Create specific adapter for WordPress publishing,High,To Do,12,,9.2.1,Property Publishing Services,Sprint 9
9.2.3,Implement REA Group/Domain channel adapter,Create adapter for real estate portal publishing,Medium,To Do,10,,9.2.1,Property Publishing Services,Sprint 9
9.2.4,Create publishing queue system,Implement queue-based publishing for reliability,Medium,To Do,8,,9.2.1,Property Publishing Services,Sprint 9
9.2.5,Develop publishing history and status tracking,Create system for tracking publishing activities,Medium,To Do,6,,9.2.1 9.2.4,Property Publishing Services,Sprint 9
9.3.1,Create channel management UI,Implement interface for managing publishing channels,High,To Do,8,,9.1.1 9.1.3,Publishing UI Components,Sprint 9
9.3.2,Develop property publishing interface,Create UI for publishing properties to channels,High,To Do,10,,9.2.1 9.3.1,Publishing UI Components,Sprint 9
9.3.3,Implement publishing schedule management,Create interface for scheduling property publications,Medium,To Do,8,,9.2.4 9.3.2,Publishing UI Components,Sprint 9
9.3.4,Create publishing history and analytics dashboard,Implement dashboard for tracking publishing statistics,Medium,To Do,10,,9.1.5 9.2.5 9.3.2,Publishing UI Components,Sprint 9
9.3.5,Develop bulk publishing tools,Create tools for publishing multiple properties,Medium,To Do,6,,9.3.2,Publishing UI Components,Sprint 9
10.1.1,Set up OpenAI integration,Configure OpenAI API with secure authentication,High,To Do,8,,1.2.2,AI Integration Foundation,Sprint 11
10.1.2,Create AI service abstraction layer,Implement service layer for AI operations with direct model interaction,High,To Do,12,,10.1.1,AI Integration Foundation,Sprint 10
10.1.3,Develop prompt management system,Create system for managing and versioning AI prompts,Medium,To Do,8,,10.1.2,AI Integration Foundation,Sprint 10
10.1.4,Implement rate limiting and usage tracking,Create tracking for API usage and costs,Medium,To Do,6,,10.1.1 10.1.2,AI Integration Foundation,Sprint 10
10.1.5,Set up AI response caching,Implement caching system for AI responses,Medium,To Do,6,,10.1.2,AI Integration Foundation,Sprint 10
10.2.1,Create property description generator,Implement AI service for generating property descriptions,High,To Do,12,,10.1.2 10.1.3 4.1.1,AI Content Generation,Sprint 10
10.2.2,Develop email content generator,Create AI service for generating email content,Medium,To Do,10,,10.1.2 10.1.3,AI Content Generation,Sprint 10
10.2.3,Implement social media post generator,Create AI service for generating social media content,Medium,To Do,8,,10.1.2 10.1.3,AI Content Generation,Sprint 10
10.2.4,Create property highlight extractor,Implement AI service for extracting key property features,Medium,To Do,6,,10.1.2 10.2.1,AI Content Generation,Sprint 10
10.2.5,Develop multilingual content adaptation,Create functionality for generating content in multiple languages,Low,To Do,10,,10.2.1 10.2.2 10.2.3,AI Content Generation,Sprint 10
10.3.1,Create property valuation engine,Implement AI-based property valuation system,High,To Do,14,,10.1.2 4.1.1,AI Analytics & Insights,Sprint 12
10.3.2,Develop lead scoring algorithm,Create AI-powered lead scoring system,High,To Do,12,,10.1.2 3.1.1,AI Analytics & Insights,Sprint 10
10.3.3,Implement deal probability predictor,Create AI service for predicting deal success probability,Medium,To Do,10,,10.1.2 7.1.3,AI Analytics & Insights,Sprint 10
10.3.4,Create market trend analyzer,Implement AI service for analyzing market trends,Medium,To Do,12,,10.1.2 10.3.1,AI Analytics & Insights,Sprint 10
10.3.5,Develop client engagement predictor,Create AI service for predicting client engagement,Medium,To Do,10,,10.1.2 10.3.2,AI Analytics & Insights,Sprint 10
11.1.1,Create analytics data models,Implement data structures for analytics,High,To Do,8,,1.2.2,Analytics Engine Foundation,Sprint 11
11.1.2,Develop data collection service,Create service for collecting analytics data with direct model interaction,High,To Do,12,,11.1.1,Analytics Engine Foundation,Sprint 11
11.1.3,Implement data aggregation system,Create system for aggregating analytics data,Medium,To Do,8,,11.1.1 11.1.2,Analytics Engine Foundation,Sprint 11
11.1.4,Create data visualization service,Implement service for generating visualizations,Medium,To Do,10,,11.1.3,Analytics Engine Foundation,Sprint 11
11.1.5,Develop analytics API endpoints,Create API endpoints for analytics data access,Medium,To Do,6,,11.1.2 11.1.3 11.1.4,Analytics Engine Foundation,Sprint 11
11.2.1,Implement document processing pipeline,Create pipeline for automated document analysis,High,To Do,12,,10.1.2,Document Automation,Sprint 12
11.2.2,Develop report builder service,Create service for building custom reports with direct model interaction,High,To Do,14,,11.2.1 11.1.2 11.1.3,Custom Report Builder,Sprint 11
11.2.3,Implement report scheduler,Create system for scheduling regular reports,Medium,To Do,8,,11.2.1 11.2.2,Custom Report Builder,Sprint 11
11.2.4,Create report export functionality,Implement export to PDF Excel CSV functionality,Medium,To Do,8,,11.2.2,Custom Report Builder,Sprint 11
11.2.5,Develop natural language query system,Create AI-powered natural language query system,Low,To Do,12,,11.1.3 11.2.2 10.1.2,Custom Report Builder,Sprint 11
11.3.1,Create dashboard components,Implement reusable dashboard UI components,High,To Do,10,,11.1.4 11.2.2,Dashboard System,Sprint 11
11.3.2,Develop role-based dashboard system,Create dashboards customized for user roles,High,To Do,8,,11.3.1 2.2.1,Dashboard System,Sprint 11
11.3.3,Implement dashboard customization,Create user-customizable dashboard functionality,Medium,To Do,12,,11.3.1 11.3.2,Dashboard System,Sprint 11
11.3.4,Create real-time dashboard updates,Implement real-time data updates for dashboards,Medium,To Do,10,,11.3.1 11.1.5,Dashboard System,Sprint 11
11.3.5,Develop mobile-optimized dashboard views,Create mobile-friendly dashboard layouts,Medium,To Do,8,,11.3.1 11.3.2 11.3.3,Dashboard System,Sprint 11
12.1.1,Design API architecture,Create comprehensive API architecture plan,High,To Do,8,,1.2.2,API Framework,Sprint 13
12.1.2,Implement API authentication,Create secure API authentication system,High,To Do,10,,12.1.1,API Framework,Sprint 12
12.1.3,Develop API rate limiting,Implement rate limiting for API endpoints,Medium,To Do,6,,12.1.1 12.1.2,API Framework,Sprint 12
12.1.4,Create API documentation,Generate comprehensive API documentation,Medium,To Do,8,,12.1.1 12.1.2 12.1.3,API Framework,Sprint 12
12.1.5,Implement API versioning,Create system for API versioning and backward compatibility,Medium,To Do,6,,12.1.1 12.1.2,API Framework,Sprint 12
12.2.1,Create client API resources,Implement API endpoints for client resources with direct model interaction,High,To Do,10,,12.1.1 12.1.2 3.1.1,REST API Endpoints,Sprint 12
12.2.2,Develop property API resources,Implement API endpoints for property resources with direct model interaction,High,To Do,10,,12.1.1 12.1.2 4.1.1,REST API Endpoints,Sprint 12
12.2.3,Create deal API resources,Implement API endpoints for deal resources with direct model interaction,Medium,To Do,8,,12.1.1 12.1.2 7.1.3,REST API Endpoints,Sprint 12
12.2.4,Implement task API resources,Create API endpoints for task resources with direct model interaction,Medium,To Do,6,,12.1.1 12.1.2 5.1.1,REST API Endpoints,Sprint 12
12.2.5,Develop analytics API resources,Implement API endpoints for analytics data with direct model interaction,Medium,To Do,6,,12.1.1 12.1.2 11.1.5,REST API Endpoints,Sprint 12
12.3.1,Implement Google Maps integration,Create integration with Google Maps API,High,To Do,8,,4.1.1,External Integrations,Sprint 12
12.3.2,Develop email marketing integration,Implement integration with email marketing services,Medium,To Do,10,,3.1.1,External Integrations,Sprint 12
12.3.3,Create calendar integration,Implement integration with external calendar services,Medium,To Do,8,,5.2.1 5.2.2,External Integrations,Sprint 12
12.3.4,Develop Zapier integration,Create Zapier app for workflow automation,Medium,To Do,12,,12.1.1 12.1.2 12.2.1 12.2.2 12.2.3 12.2.4,External Integrations,Sprint 12
12.3.5,Implement webhook system,Create system for webhook events and deliveries,Medium,To Do,10,,12.1.1 12.1.2,External Integrations,Sprint 12
13.1.1,Implement unit test suite,Create comprehensive unit tests for core functionality,High,To Do,12,,All previous sprints,System Testing,Sprint 13
13.1.2,Develop feature tests,Implement feature tests for key user flows,High,To Do,12,,13.1.1,System Testing,Sprint 13
13.1.3,Create API tests,Implement automated tests for API endpoints,Medium,To Do,10,,13.1.1 12.1.2 12.2.1 12.2.2 12.2.3 12.2.4 12.2.5,System Testing,Sprint 13
13.1.4,Implement performance testing,Create performance and load testing scripts,Medium,To Do,8,,13.1.2 13.1.3,System Testing,Sprint 13
13.1.5,Conduct security audit,Perform comprehensive security testing and audit,Medium,To Do,10,,13.1.1 13.1.2 13.1.3,System Testing,Sprint 13
13.2.1,Implement UI consistency fixes,Ensure consistent design across all UI components,High,To Do,12,,All UI components,UI Refinement & Optimization,Sprint 13
13.2.2,Optimize frontend performance,Improve frontend loading and rendering performance,High,To Do,10,,13.2.1,UI Refinement & Optimization,Sprint 13
13.2.3,Enhance mobile responsiveness,Ensure optimal UI on mobile and tablet devices,Medium,To Do,8,,13.2.1,UI Refinement & Optimization,Sprint 13
13.2.4,Implement accessibility improvements,Enhance accessibility compliance of the UI,Medium,To Do,10,,13.2.1,UI Refinement & Optimization,Sprint 13
13.2.5,Create system tour and onboarding,Implement guided tours and onboarding for new users,Medium,To Do,8,,13.2.1 13.2.2 13.2.3 13.2.4,UI Refinement & Optimization,Sprint 13
13.3.1,Create deployment playbook,Document detailed deployment process and requirements,High,To Do,8,,All previous sprints,Deployment & Documentation,Sprint 13
13.3.2,Implement staging environment,Set up and test staging environment,High,To Do,12,,13.3.1 13.1.1 13.1.2 13.1.3 13.1.4 13.1.5,Deployment & Documentation,Sprint 13
13.3.3,Create technical documentation,Develop comprehensive technical documentation,Medium,To Do,10,,All previous sprints,Deployment & Documentation,Sprint 13
13.3.4,Create user documentation,Develop user-friendly documentation and help center,Medium,To Do,10,,All UI components,Deployment & Documentation,Sprint 13
13.3.5,Implement production deployment,Deploy system to production environment,High,To Do,16,,13.3.1 13.3.2 13.3.3 13.3.4 13.1.1 13.1.2 13.1.3 13.1.4 13.1.5 13.2.1 13.2.2 13.2.3 13.2.4 13.2.5,Deployment & Documentation,Sprint 13